company,link,location,title
ADGA Group Consultants,https://www.indeed.ca/viewjob?jk=ce7c46f00b3dc2cb,"Trenton, ON",Software Engineer
Cornershop,https://www.indeed.ca/viewjob?jk=20f84a0e2cbf2380,"Toronto, ON",Backend Integrations Engineer (Python)
Precision OS Technology,https://www.indeed.ca/viewjob?jk=a48bf3247a9bb933,"Vancouver, BC",Multiplayer Software Engineer
ComplyWorks Ltd.,https://www.indeed.ca/viewjob?jk=e919b4ef8b501d38,"Calgary, AB",Software Developer
Lyryx Learning Inc.,https://www.indeed.ca/viewjob?jk=761e1a8bd7ae81fc,"Calgary, AB",Software Developer
E.O.I Technologies,https://www.indeed.ca/viewjob?jk=da393a1a3a5b5d18,"Calgary, AB",Software and DSP Engineer
Next Rain Irrigation Ltd,https://www.indeed.ca/viewjob?jk=ca840409ec697e10,"Calgary, AB",Summer Software Developer
Block Talk,https://www.indeed.ca/viewjob?jk=db7db0e5a5e1c6ab,"Calgary, AB",Software Developer
WCA Advisory Inc.,https://www.indeed.ca/viewjob?jk=5abd91ba8f7799e7,"Toronto, ON",SOFTWARE ENGINEER - ELECTRIC VEHICLE
LyricFind,https://www.indeed.ca/viewjob?jk=c90c8a5b746ac7df,"Toronto, ON",Software Developer
RewardOps,https://www.indeed.ca/viewjob?jk=07fbbbbc727b746f,Ontario,Software Developer
Beatdapp,https://www.indeed.ca/viewjob?jk=c2b99df878a1bad8,"Vancouver, BC",Software Engineer (#2 Seed Stage Company in Canada)
Forte Dev Ltd.,https://www.indeed.ca/viewjob?jk=bbd307c346cfec29,"Edmonton, AB",software engineer
AutoTeeTimes,https://www.indeed.ca/viewjob?jk=3e9b82d5a4c794f5,"Calgary, AB",Full Stack Developer
Harvest Builders,https://www.indeed.ca/viewjob?jk=ce01bdeb0e6155a9,"Calgary, AB",Founder/Principal Software Engineer
Ana-Data Consulting Canada,https://www.indeed.ca/viewjob?jk=a112b78aeda2a4d6,"Greater Sudbury, ON",Unity3D Developer - Junior
ADGA Group Consultants,https://www.indeed.ca/viewjob?jk=ce7c46f00b3dc2cb,"Trenton, ON",Software Engineer
ComplyWorks Ltd.,https://www.indeed.ca/viewjob?jk=e919b4ef8b501d38,"Calgary, AB",Software Developer
Cornershop,https://www.indeed.ca/viewjob?jk=20f84a0e2cbf2380,"Toronto, ON",Backend Integrations Engineer (Python)
WAIO,https://www.indeed.ca/viewjob?jk=9e72dd93171f1ea8,"Toronto, ON",Senior Software Engineer
One Planet Ops,https://www.indeed.ca/viewjob?jk=437ef14dda8055a7,"Toronto, ON",.NET Software Engineer
Sentrex Wind Services Inc.,https://www.indeed.ca/viewjob?jk=05bcd16a50322646,"Quispamsis, NB",C/ C++ Developer - embedded controllers/ comms/ image processing
Lyryx Learning Inc.,https://www.indeed.ca/viewjob?jk=761e1a8bd7ae81fc,"Calgary, AB",Software Developer
WCA Advisory Inc.,https://www.indeed.ca/viewjob?jk=5abd91ba8f7799e7,"Toronto, ON",SOFTWARE ENGINEER - ELECTRIC VEHICLE
E.O.I Technologies,https://www.indeed.ca/viewjob?jk=da393a1a3a5b5d18,"Calgary, AB",Software and DSP Engineer
Next Rain Irrigation Ltd,https://www.indeed.ca/viewjob?jk=ca840409ec697e10,"Calgary, AB",Summer Software Developer
LyricFind,https://www.indeed.ca/viewjob?jk=c90c8a5b746ac7df,"Toronto, ON",Software Developer
Beatdapp,https://www.indeed.ca/viewjob?jk=c2b99df878a1bad8,"Vancouver, BC",Software Engineer (#2 Seed Stage Company in Canada)
Softmax Data Inc.,https://www.indeed.ca/viewjob?jk=9bc9cd8468a26b05,"Vancouver, BC",Senior Software Engineer/ Data Engineer
ADGA Group Consultants,https://www.indeed.ca/viewjob?jk=ce7c46f00b3dc2cb,"Trenton, ON",Software Engineer
AceAge Inc.,https://www.indeed.ca/viewjob?jk=79408e3e75f0c985,"Burlington, ON",Mechatronics Software Engineer
RewardOps,https://www.indeed.ca/viewjob?jk=07fbbbbc727b746f,Ontario,Software Developer
AutoTeeTimes,https://www.indeed.ca/viewjob?jk=3e9b82d5a4c794f5,"Calgary, AB",Full Stack Developer
AGAT Laboratories,https://www.indeed.ca/viewjob?jk=ce10c9149c29b72e,"Calgary, AB",Software Developer
Clairvoyant Inc.,https://www.indeed.ca/viewjob?jk=59db7a8139ed3b76,"Kitchener, ON",software engineer
Block Talk,https://www.indeed.ca/viewjob?jk=db7db0e5a5e1c6ab,"Calgary, AB",Software Developer
"Powell's Books, Inc.",https://www.indeed.ca/viewjob?jk=f526805ae152e554,"Powell, ON",Software Engineer I
Forte Dev Ltd.,https://www.indeed.ca/viewjob?jk=bbd307c346cfec29,"Edmonton, AB",software engineer
MasterCard,https://www.indeed.ca/viewjob?jk=997ec5ef92b0aa64,"Toronto, ON","Software Development Engineer, Eliminator"
Caranci Consulting Corp.,https://www.indeed.ca/viewjob?jk=0f538d1db22220bc,"Barrie, ON",Software Developer
Dr Bishop and Associates,https://www.indeed.ca/viewjob?jk=3afa2eb797390d98,"Calgary, AB",Full Time Website Developer/Designer
Precision OS Technology,https://www.indeed.ca/viewjob?jk=a48bf3247a9bb933,"Vancouver, BC",Multiplayer Software Engineer
SDK,https://www.indeed.ca/viewjob?jk=775499858fa76aa0,"Edmonton, AB",Azure Infrastructure DevOps Engineer (4 years exp)
ADGA Group Consultants,https://www.indeed.ca/viewjob?jk=ce7c46f00b3dc2cb,"Trenton, ON",Software Engineer
Cornershop,https://www.indeed.ca/viewjob?jk=20f84a0e2cbf2380,"Toronto, ON",Backend Integrations Engineer (Python)
Lyryx Learning Inc.,https://www.indeed.ca/viewjob?jk=761e1a8bd7ae81fc,"Calgary, AB",Software Developer
ComplyWorks Ltd.,https://www.indeed.ca/viewjob?jk=e919b4ef8b501d38,"Calgary, AB",Software Developer
Precision OS Technology,https://www.indeed.ca/viewjob?jk=a48bf3247a9bb933,"Vancouver, BC",Multiplayer Software Engineer
WCA Advisory Inc.,https://www.indeed.ca/viewjob?jk=5abd91ba8f7799e7,"Toronto, ON",SOFTWARE ENGINEER - ELECTRIC VEHICLE
E.O.I Technologies,https://www.indeed.ca/viewjob?jk=da393a1a3a5b5d18,"Calgary, AB",Software and DSP Engineer
LyricFind,https://www.indeed.ca/viewjob?jk=c90c8a5b746ac7df,"Toronto, ON",Software Developer
Next Rain Irrigation Ltd,https://www.indeed.ca/viewjob?jk=ca840409ec697e10,"Calgary, AB",Summer Software Developer
Softmax Data Inc.,https://www.indeed.ca/viewjob?jk=9bc9cd8468a26b05,"Vancouver, BC",Senior Software Engineer/ Data Engineer
Beatdapp,https://www.indeed.ca/viewjob?jk=c2b99df878a1bad8,"Vancouver, BC",Software Engineer (#2 Seed Stage Company in Canada)
RewardOps,https://www.indeed.ca/viewjob?jk=07fbbbbc727b746f,Ontario,Software Developer
AceAge Inc.,https://www.indeed.ca/viewjob?jk=79408e3e75f0c985,"Burlington, ON",Mechatronics Software Engineer
AutoTeeTimes,https://www.indeed.ca/viewjob?jk=3e9b82d5a4c794f5,"Calgary, AB",Full Stack Developer
AGAT Laboratories,https://www.indeed.ca/viewjob?jk=ce10c9149c29b72e,"Calgary, AB",Software Developer
Ana-Data Consulting Canada,https://www.indeed.ca/viewjob?jk=a112b78aeda2a4d6,"Greater Sudbury, ON",Unity3D Developer - Junior
ADGA Group Consultants,https://www.indeed.ca/viewjob?jk=ce7c46f00b3dc2cb,"Trenton, ON",Software Engineer
ComplyWorks Ltd.,https://www.indeed.ca/viewjob?jk=e919b4ef8b501d38,"Calgary, AB",Software Developer
Cornershop,https://www.indeed.ca/viewjob?jk=20f84a0e2cbf2380,"Toronto, ON",Backend Integrations Engineer (Python)
WAIO,https://www.indeed.ca/viewjob?jk=9e72dd93171f1ea8,"Toronto, ON",Senior Software Engineer
One Planet Ops,https://www.indeed.ca/viewjob?jk=437ef14dda8055a7,"Toronto, ON",.NET Software Engineer
Sentrex Wind Services Inc.,https://www.indeed.ca/viewjob?jk=05bcd16a50322646,"Quispamsis, NB",C/ C++ Developer - embedded controllers/ comms/ image processing
Lyryx Learning Inc.,https://www.indeed.ca/viewjob?jk=761e1a8bd7ae81fc,"Calgary, AB",Software Developer
E.O.I Technologies,https://www.indeed.ca/viewjob?jk=da393a1a3a5b5d18,"Calgary, AB",Software and DSP Engineer
Next Rain Irrigation Ltd,https://www.indeed.ca/viewjob?jk=ca840409ec697e10,"Calgary, AB",Summer Software Developer
WCA Advisory Inc.,https://www.indeed.ca/viewjob?jk=5abd91ba8f7799e7,"Toronto, ON",SOFTWARE ENGINEER - ELECTRIC VEHICLE
Block Talk,https://www.indeed.ca/viewjob?jk=db7db0e5a5e1c6ab,"Calgary, AB",Software Developer
LyricFind,https://www.indeed.ca/viewjob?jk=c90c8a5b746ac7df,"Toronto, ON",Software Developer
ADGA Group Consultants,https://www.indeed.ca/viewjob?jk=ce7c46f00b3dc2cb,"Trenton, ON",Software Engineer
Beatdapp,https://www.indeed.ca/viewjob?jk=c2b99df878a1bad8,"Vancouver, BC",Software Engineer (#2 Seed Stage Company in Canada)
RewardOps,https://www.indeed.ca/viewjob?jk=07fbbbbc727b746f,Ontario,Software Developer
ComplyWorks Ltd.,https://www.indeed.ca/viewjob?jk=e919b4ef8b501d38,"Calgary, AB",Software Developer
Precision OS Technology,https://www.indeed.ca/viewjob?jk=a48bf3247a9bb933,"Vancouver, BC",Multiplayer Software Engineer
Forte Dev Ltd.,https://www.indeed.ca/viewjob?jk=bbd307c346cfec29,"Edmonton, AB",software engineer
AGAT Laboratories,https://www.indeed.ca/viewjob?jk=ce10c9149c29b72e,"Calgary, AB",Software Developer
Harvest Builders,https://www.indeed.ca/viewjob?jk=ce01bdeb0e6155a9,"Calgary, AB",Founder/Principal Software Engineer
AutoTeeTimes,https://www.indeed.ca/viewjob?jk=3e9b82d5a4c794f5,"Calgary, AB",Full Stack Developer
MasterCard,https://www.indeed.ca/viewjob?jk=997ec5ef92b0aa64,"Toronto, ON","Software Development Engineer, Eliminator"
AceAge Inc.,https://www.indeed.ca/viewjob?jk=79408e3e75f0c985,"Burlington, ON",Mechatronics Software Engineer
Vacation Tracker,https://www.indeed.ca/viewjob?jk=39892776dfa08a7c,"Montr\u00e9al, QC",Junior to Intermediate Software Developer
Skymatics,https://www.indeed.ca/viewjob?jk=b41d9f4e773f4495,"Calgary, AB",Full-Stack Developer
ANDES VR Corp,https://www.indeed.ca/viewjob?jk=cc67d152c5b46369,"St. John's, NL",Software Engineer
SDK,https://www.indeed.ca/viewjob?jk=775499858fa76aa0,"Edmonton, AB",Azure Infrastructure DevOps Engineer (4 years exp)
ADGA Group Consultants,https://www.indeed.ca/viewjob?jk=ce7c46f00b3dc2cb,"Trenton, ON",Software Engineer
ComplyWorks Ltd.,https://www.indeed.ca/viewjob?jk=e919b4ef8b501d38,"Calgary, AB",Software Developer
Cornershop,https://www.indeed.ca/viewjob?jk=20f84a0e2cbf2380,"Toronto, ON",Backend Integrations Engineer (Python)
Lyryx Learning Inc.,https://www.indeed.ca/viewjob?jk=761e1a8bd7ae81fc,"Calgary, AB",Software Developer
Precision OS Technology,https://www.indeed.ca/viewjob?jk=a48bf3247a9bb933,"Vancouver, BC",Multiplayer Software Engineer
E.O.I Technologies,https://www.indeed.ca/viewjob?jk=da393a1a3a5b5d18,"Calgary, AB",Software and DSP Engineer
WCA Advisory Inc.,https://www.indeed.ca/viewjob?jk=5abd91ba8f7799e7,"Toronto, ON",SOFTWARE ENGINEER - ELECTRIC VEHICLE
Next Rain Irrigation Ltd,https://www.indeed.ca/viewjob?jk=ca840409ec697e10,"Calgary, AB",Summer Software Developer
LyricFind,https://www.indeed.ca/viewjob?jk=c90c8a5b746ac7df,"Toronto, ON",Software Developer
RewardOps,https://www.indeed.ca/viewjob?jk=07fbbbbc727b746f,Ontario,Software Developer
FanDemand Inc.,https://www.indeed.ca/viewjob?jk=8abc407701b848f2,"Toronto, ON",Google Cloud Engineer
Softmax Data Inc.,https://www.indeed.ca/viewjob?jk=9bc9cd8468a26b05,"Vancouver, BC",Senior Software Engineer/ Data Engineer
Halton Regional Police Service,https://www.indeed.ca/viewjob?jk=460eb9386a7611b9,"Oakville, ON",Programmer
AGAT Laboratories,https://www.indeed.ca/viewjob?jk=ce10c9149c29b72e,"Calgary, AB",Software Developer
Beatdapp,https://www.indeed.ca/viewjob?jk=c2b99df878a1bad8,"Vancouver, BC",Software Engineer (#2 Seed Stage Company in Canada)
Ana-Data Consulting Canada,https://www.indeed.ca/viewjob?jk=a112b78aeda2a4d6,"Greater Sudbury, ON",Unity3D Developer - Junior
ADGA Group Consultants,https://www.indeed.ca/viewjob?jk=ce7c46f00b3dc2cb,"Trenton, ON",Software Engineer
WAIO,https://www.indeed.ca/viewjob?jk=9e72dd93171f1ea8,"Toronto, ON",Senior Software Engineer
SDK,https://www.indeed.ca/viewjob?jk=a2f28e137be60458,"Calgary, AB",Azure Infrastructure DevOps Engineer (4 years exp)
Sentrex Wind Services Inc.,https://www.indeed.ca/viewjob?jk=05bcd16a50322646,"Quispamsis, NB",C/ C++ Developer - embedded controllers/ comms/ image processing
Cornershop,https://www.indeed.ca/viewjob?jk=20f84a0e2cbf2380,"Toronto, ON",Backend Integrations Engineer (Python)
One Planet Ops,https://www.indeed.ca/viewjob?jk=437ef14dda8055a7,"Toronto, ON",.NET Software Engineer
Veeva Systems,https://www.indeed.ca/viewjob?jk=292a060f3025a93e,"Fredericton, NB",Senior Software Engineer \u2013 Full Stack (Remote)
Forte Dev Ltd.,https://www.indeed.ca/viewjob?jk=bbd307c346cfec29,"Edmonton, AB",software engineer
Manulife,https://www.indeed.ca/viewjob?jk=93b6cedddd8328f4,"Waterloo, ON",Full Stack Software Engineer
Softmax Data Inc.,https://www.indeed.ca/viewjob?jk=9bc9cd8468a26b05,"Vancouver, BC",Senior Software Engineer/ Data Engineer
E.O.I Technologies,https://www.indeed.ca/viewjob?jk=da393a1a3a5b5d18,"Calgary, AB",Software and DSP Engineer
Lyryx Learning Inc.,https://www.indeed.ca/viewjob?jk=761e1a8bd7ae81fc,"Calgary, AB",Software Developer
Trulioo,https://www.indeed.ca/viewjob?jk=c0e31a17942230a9,"Vancouver, BC",Software Engineer In Test
Knowtions Research,https://www.indeed.ca/viewjob?jk=9627bc5f7fd04c72,"Toronto, ON",Senior Software Engineer
FanDemand Inc.,https://www.indeed.ca/viewjob?jk=8abc407701b848f2,"Toronto, ON",Google Cloud Engineer
ANDES VR Corp,https://www.indeed.ca/viewjob?jk=cc67d152c5b46369,"St. John's, NL",Software Engineer
Beatdapp,https://www.indeed.ca/viewjob?jk=c2b99df878a1bad8,"Vancouver, BC",Software Engineer (#2 Seed Stage Company in Canada)
ExtentCom,https://www.indeed.ca/viewjob?jk=3fc25f96ade04139,"Richmond Hill, ON",Embedded Software Engineer
"Powell's Books, Inc.",https://www.indeed.ca/viewjob?jk=f526805ae152e554,"Powell, ON",Software Engineer I
ADGA Group Consultants,https://www.indeed.ca/viewjob?jk=ce7c46f00b3dc2cb,"Trenton, ON",Software Engineer
AceAge Inc.,https://www.indeed.ca/viewjob?jk=79408e3e75f0c985,"Burlington, ON",Mechatronics Software Engineer
RMF Design and Manufacturing,https://www.indeed.ca/viewjob?jk=84fca1037ae359bd,"Mississauga, ON",Hardware Software Design Engineer
WCA Advisory Inc.,https://www.indeed.ca/viewjob?jk=5abd91ba8f7799e7,"Toronto, ON",SOFTWARE ENGINEER - ELECTRIC VEHICLE
None,https://www.indeed.ca/viewjob?jk=c8be9b4fb4b16792,"Victoria, BC",Software Test Engineer
Vretta Inc.,https://www.indeed.ca/viewjob?jk=62900b3459cee302,"Toronto, ON",Software Developer
Rad Power Bikes,https://www.indeed.ca/viewjob?jk=e1a95c86ad246d24,"Vancouver, BC","Software Engineer - Full Stack, Vancouver"
ComplyWorks Ltd.,https://www.indeed.ca/viewjob?jk=e919b4ef8b501d38,"Calgary, AB",Software Developer
ADGA Group Consultants,https://www.indeed.ca/viewjob?jk=ce7c46f00b3dc2cb,"Trenton, ON",Software Engineer
Ana-Data Consulting Canada,https://www.indeed.ca/viewjob?jk=a112b78aeda2a4d6,"Greater Sudbury, ON",Unity3D Developer - Junior
ComplyWorks Ltd.,https://www.indeed.ca/viewjob?jk=e919b4ef8b501d38,"Calgary, AB",Software Developer
Cornershop,https://www.indeed.ca/viewjob?jk=20f84a0e2cbf2380,"Toronto, ON",Backend Integrations Engineer (Python)
Sentrex Wind Services Inc.,https://www.indeed.ca/viewjob?jk=05bcd16a50322646,"Quispamsis, NB",C/ C++ Developer - embedded controllers/ comms/ image processing
Innosphere SDG Ltd,https://www.indeed.ca/viewjob?jk=770c04bb0025387c,"Guelph, ON",Software Development Engineer in Test
WAIO,https://www.indeed.ca/viewjob?jk=9e72dd93171f1ea8,"Toronto, ON",Senior Software Engineer
Lyryx Learning Inc.,https://www.indeed.ca/viewjob?jk=761e1a8bd7ae81fc,"Calgary, AB",Software Developer
E.O.I Technologies,https://www.indeed.ca/viewjob?jk=da393a1a3a5b5d18,"Calgary, AB",Software and DSP Engineer
Next Rain Irrigation Ltd,https://www.indeed.ca/viewjob?jk=ca840409ec697e10,"Calgary, AB",Summer Software Developer
WCA Advisory Inc.,https://www.indeed.ca/viewjob?jk=5abd91ba8f7799e7,"Toronto, ON",SOFTWARE ENGINEER - ELECTRIC VEHICLE
Block Talk,https://www.indeed.ca/viewjob?jk=db7db0e5a5e1c6ab,"Calgary, AB",Software Developer
Beatdapp,https://www.indeed.ca/viewjob?jk=c2b99df878a1bad8,"Vancouver, BC",Software Engineer (#2 Seed Stage Company in Canada)
RewardOps,https://www.indeed.ca/viewjob?jk=07fbbbbc727b746f,Ontario,Software Developer
Precision OS Technology,https://www.indeed.ca/viewjob?jk=a48bf3247a9bb933,"Vancouver, BC",Multiplayer Software Engineer
Forte Dev Ltd.,https://www.indeed.ca/viewjob?jk=bbd307c346cfec29,"Edmonton, AB",software engineer
ADGA Group Consultants,https://www.indeed.ca/viewjob?jk=ce7c46f00b3dc2cb,"Trenton, ON",Software Engineer
LyricFind,https://www.indeed.ca/viewjob?jk=c90c8a5b746ac7df,"Toronto, ON",Software Developer
AutoTeeTimes,https://www.indeed.ca/viewjob?jk=3e9b82d5a4c794f5,"Calgary, AB",Full Stack Developer
Dr Bishop and Associates,https://www.indeed.ca/viewjob?jk=3afa2eb797390d98,"Calgary, AB",Full Time Website Developer/Designer
Vacation Tracker,https://www.indeed.ca/viewjob?jk=39892776dfa08a7c,"Montr\u00e9al, QC",Junior to Intermediate Software Developer
Harvest Builders,https://www.indeed.ca/viewjob?jk=ce01bdeb0e6155a9,"Calgary, AB",Founder/Principal Software Engineer
ANDES VR Corp,https://www.indeed.ca/viewjob?jk=cc67d152c5b46369,"St. John's, NL",Software Engineer
AceAge Inc.,https://www.indeed.ca/viewjob?jk=79408e3e75f0c985,"Burlington, ON",Mechatronics Software Engineer
Clairvoyant Inc.,https://www.indeed.ca/viewjob?jk=59db7a8139ed3b76,"Kitchener, ON",software engineer
ComplyWorks Ltd.,https://www.indeed.ca/viewjob?jk=e919b4ef8b501d38,"Calgary, AB",Software Developer
Caranci Consulting Corp.,https://www.indeed.ca/viewjob?jk=0f538d1db22220bc,"Barrie, ON",Software Developer
Videri North,https://www.indeed.ca/viewjob?jk=1f39e4ba7d7f014d,"Montr\u00e9al, QC",Sr Embedded Software Developer
ADGA Group Consultants,https://www.indeed.ca/viewjob?jk=ce7c46f00b3dc2cb,"Trenton, ON",Software Engineer
Ana-Data Consulting Canada,https://www.indeed.ca/viewjob?jk=a112b78aeda2a4d6,"Greater Sudbury, ON",Unity3D Developer - Junior
Videri North,https://www.indeed.ca/viewjob?jk=1f39e4ba7d7f014d,"Montr\u00e9al, QC",Sr Embedded Software Developer
Cornershop,https://www.indeed.ca/viewjob?jk=20f84a0e2cbf2380,"Toronto, ON",Backend Integrations Engineer (Python)
ComplyWorks Ltd.,https://www.indeed.ca/viewjob?jk=e919b4ef8b501d38,"Calgary, AB",Software Developer
Sentrex Wind Services Inc.,https://www.indeed.ca/viewjob?jk=05bcd16a50322646,"Quispamsis, NB",C/ C++ Developer - embedded controllers/ comms/ image processing
WAIO,https://www.indeed.ca/viewjob?jk=9e72dd93171f1ea8,"Toronto, ON",Senior Software Engineer
Lyryx Learning Inc.,https://www.indeed.ca/viewjob?jk=761e1a8bd7ae81fc,"Calgary, AB",Software Developer
LyricFind,https://www.indeed.ca/viewjob?jk=c90c8a5b746ac7df,"Toronto, ON",Software Developer
E.O.I Technologies,https://www.indeed.ca/viewjob?jk=da393a1a3a5b5d18,"Calgary, AB",Software and DSP Engineer
Next Rain Irrigation Ltd,https://www.indeed.ca/viewjob?jk=ca840409ec697e10,"Calgary, AB",Summer Software Developer
Block Talk,https://www.indeed.ca/viewjob?jk=db7db0e5a5e1c6ab,"Calgary, AB",Software Developer
WCA Advisory Inc.,https://www.indeed.ca/viewjob?jk=5abd91ba8f7799e7,"Toronto, ON",SOFTWARE ENGINEER - ELECTRIC VEHICLE
ADGA Group Consultants,https://www.indeed.ca/viewjob?jk=ce7c46f00b3dc2cb,"Trenton, ON",Software Engineer
Beatdapp,https://www.indeed.ca/viewjob?jk=c2b99df878a1bad8,"Vancouver, BC",Software Engineer (#2 Seed Stage Company in Canada)
AceAge Inc.,https://www.indeed.ca/viewjob?jk=79408e3e75f0c985,"Burlington, ON",Mechatronics Software Engineer
AutoTeeTimes,https://www.indeed.ca/viewjob?jk=3e9b82d5a4c794f5,"Calgary, AB",Full Stack Developer
RewardOps,https://www.indeed.ca/viewjob?jk=07fbbbbc727b746f,Ontario,Software Developer
Forte Dev Ltd.,https://www.indeed.ca/viewjob?jk=bbd307c346cfec29,"Edmonton, AB",software engineer
MasterCard,https://www.indeed.ca/viewjob?jk=997ec5ef92b0aa64,"Toronto, ON","Software Development Engineer, Eliminator"
Precision OS Technology,https://www.indeed.ca/viewjob?jk=a48bf3247a9bb933,"Vancouver, BC",Multiplayer Software Engineer
Clairvoyant Inc.,https://www.indeed.ca/viewjob?jk=59db7a8139ed3b76,"Kitchener, ON",software engineer
Harvest Builders,https://www.indeed.ca/viewjob?jk=ce01bdeb0e6155a9,"Calgary, AB",Founder/Principal Software Engineer
Stork Craft Manufacturing Inc.,https://www.indeed.ca/viewjob?jk=552f6443bdd7f712,"Richmond, BC",Junior Software Developer (ID: 726113)
AGAT Laboratories,https://www.indeed.ca/viewjob?jk=ce10c9149c29b72e,"Calgary, AB",Software Developer
Vacation Tracker,https://www.indeed.ca/viewjob?jk=39892776dfa08a7c,"Montr\u00e9al, QC",Junior to Intermediate Software Developer
Medipense Inc.,https://www.indeed.ca/viewjob?jk=e5170f4a8bcd8135,"Lasalle, QC",embedded software engineer
One Planet Ops,https://www.indeed.ca/viewjob?jk=437ef14dda8055a7,"Toronto, ON",.NET Software Engineer
ADGA Group Consultants,https://www.indeed.ca/viewjob?jk=ce7c46f00b3dc2cb,"Trenton, ON",Software Engineer
Lyryx Learning Inc.,https://www.indeed.ca/viewjob?jk=761e1a8bd7ae81fc,"Calgary, AB",Software Developer
E.O.I Technologies,https://www.indeed.ca/viewjob?jk=da393a1a3a5b5d18,"Calgary, AB",Software and DSP Engineer
WCA Advisory Inc.,https://www.indeed.ca/viewjob?jk=5abd91ba8f7799e7,"Toronto, ON",SOFTWARE ENGINEER - ELECTRIC VEHICLE
Next Rain Irrigation Ltd,https://www.indeed.ca/viewjob?jk=ca840409ec697e10,"Calgary, AB",Summer Software Developer
Caranci Consulting Corp.,https://www.indeed.ca/viewjob?jk=0f538d1db22220bc,"Barrie, ON",Software Developer
Clairvoyant Inc.,https://www.indeed.ca/viewjob?jk=59db7a8139ed3b76,"Kitchener, ON",software engineer
Forte Dev Ltd.,https://www.indeed.ca/viewjob?jk=bbd307c346cfec29,"Edmonton, AB",software engineer
Dr Bishop and Associates,https://www.indeed.ca/viewjob?jk=3afa2eb797390d98,"Calgary, AB",Full Time Website Developer/Designer
AGAT Laboratories,https://www.indeed.ca/viewjob?jk=ce10c9149c29b72e,"Calgary, AB",Software Developer
AutoTeeTimes,https://www.indeed.ca/viewjob?jk=3e9b82d5a4c794f5,"Calgary, AB",Full Stack Developer
LyricFind,https://www.indeed.ca/viewjob?jk=c90c8a5b746ac7df,"Toronto, ON",Software Developer
ANDES VR Corp,https://www.indeed.ca/viewjob?jk=cc67d152c5b46369,"St. John's, NL",Software Engineer
AceAge Inc.,https://www.indeed.ca/viewjob?jk=79408e3e75f0c985,"Burlington, ON",Mechatronics Software Engineer
Block Talk,https://www.indeed.ca/viewjob?jk=db7db0e5a5e1c6ab,"Calgary, AB",Software Developer
ADGA Group Consultants,https://www.indeed.ca/viewjob?jk=ce7c46f00b3dc2cb,"Trenton, ON",Software Engineer
Ana-Data Consulting Canada,https://www.indeed.ca/viewjob?jk=a112b78aeda2a4d6,"Greater Sudbury, ON",Unity3D Developer - Junior
Videri North,https://www.indeed.ca/viewjob?jk=1f39e4ba7d7f014d,"Montr\u00e9al, QC",Sr Embedded Software Developer
Cornershop,https://www.indeed.ca/viewjob?jk=20f84a0e2cbf2380,"Toronto, ON",Backend Integrations Engineer (Python)
ComplyWorks Ltd.,https://www.indeed.ca/viewjob?jk=e919b4ef8b501d38,"Calgary, AB",Software Developer
WAIO,https://www.indeed.ca/viewjob?jk=9e72dd93171f1ea8,"Toronto, ON",Senior Software Engineer
Sentrex Wind Services Inc.,https://www.indeed.ca/viewjob?jk=05bcd16a50322646,"Quispamsis, NB",C/ C++ Developer - embedded controllers/ comms/ image processing
Lyryx Learning Inc.,https://www.indeed.ca/viewjob?jk=761e1a8bd7ae81fc,"Calgary, AB",Software Developer
E.O.I Technologies,https://www.indeed.ca/viewjob?jk=da393a1a3a5b5d18,"Calgary, AB",Software and DSP Engineer
Next Rain Irrigation Ltd,https://www.indeed.ca/viewjob?jk=ca840409ec697e10,"Calgary, AB",Summer Software Developer
Block Talk,https://www.indeed.ca/viewjob?jk=db7db0e5a5e1c6ab,"Calgary, AB",Software Developer
WCA Advisory Inc.,https://www.indeed.ca/viewjob?jk=5abd91ba8f7799e7,"Toronto, ON",SOFTWARE ENGINEER - ELECTRIC VEHICLE
LyricFind,https://www.indeed.ca/viewjob?jk=c90c8a5b746ac7df,"Toronto, ON",Software Developer
ADGA Group Consultants,https://www.indeed.ca/viewjob?jk=ce7c46f00b3dc2cb,"Trenton, ON",Software Engineer
Precision OS Technology,https://www.indeed.ca/viewjob?jk=a48bf3247a9bb933,"Vancouver, BC",Multiplayer Software Engineer
RewardOps,https://www.indeed.ca/viewjob?jk=07fbbbbc727b746f,Ontario,Software Developer
Beatdapp,https://www.indeed.ca/viewjob?jk=c2b99df878a1bad8,"Vancouver, BC",Software Engineer (#2 Seed Stage Company in Canada)
Forte Dev Ltd.,https://www.indeed.ca/viewjob?jk=bbd307c346cfec29,"Edmonton, AB",software engineer
AutoTeeTimes,https://www.indeed.ca/viewjob?jk=3e9b82d5a4c794f5,"Calgary, AB",Full Stack Developer
Harvest Builders,https://www.indeed.ca/viewjob?jk=ce01bdeb0e6155a9,"Calgary, AB",Founder/Principal Software Engineer
Vacation Tracker,https://www.indeed.ca/viewjob?jk=39892776dfa08a7c,"Montr\u00e9al, QC",Junior to Intermediate Software Developer
Dr Bishop and Associates,https://www.indeed.ca/viewjob?jk=3afa2eb797390d98,"Calgary, AB",Full Time Website Developer/Designer
ANDES VR Corp,https://www.indeed.ca/viewjob?jk=cc67d152c5b46369,"St. John's, NL",Software Engineer
AceAge Inc.,https://www.indeed.ca/viewjob?jk=79408e3e75f0c985,"Burlington, ON",Mechatronics Software Engineer
ComplyWorks Ltd.,https://www.indeed.ca/viewjob?jk=e919b4ef8b501d38,"Calgary, AB",Software Developer
Clairvoyant Inc.,https://www.indeed.ca/viewjob?jk=59db7a8139ed3b76,"Kitchener, ON",software engineer
Medipense Inc.,https://www.indeed.ca/viewjob?jk=e5170f4a8bcd8135,"Lasalle, QC",embedded software engineer
One Planet Ops,https://www.indeed.ca/viewjob?jk=437ef14dda8055a7,"Toronto, ON",.NET Software Engineer
